{
    "$schema": "https://schema.management.azure.com/schemas/2015-01-01/deploymentTemplate.json#",
    "contentVersion": "1.0.0.0",
    "parameters": {
        "virtualNetworks_VNetHub_name": {
            "defaultValue": "VNetHub",
            "type": "String"
        },
        "azureFirewalls_CentralFireWall_name": {
            "defaultValue": "CentralFireWall",
            "type": "String"
        },
        "publicIPAddresses_pip_firewall_name": {
            "defaultValue": "pip-firewall",
            "type": "String"
        },
        "virtualNetworks_VNet_externalid": {
            "defaultValue": "/subscriptions/4bb5c1c7-e7a2-43b2-8a1a-df7b4bc4b9cb/resourceGroups/abdultech/providers/Microsoft.Network/virtualNetworks/VNet",
            "type": "String"
        },
        "virtualNetworks_VNet1_externalid": {
            "defaultValue": "/subscriptions/4bb5c1c7-e7a2-43b2-8a1a-df7b4bc4b9cb/resourceGroups/VNet1RG/providers/Microsoft.Network/virtualNetworks/VNet1",
            "type": "String"
        }
    },
    "variables": {},
    "resources": [
        {
            "type": "Microsoft.Network/publicIPAddresses",
            "apiVersion": "2019-06-01",
            "name": "[parameters('publicIPAddresses_pip_firewall_name')]",
            "location": "southindia",
            "tags": {
                "CostCenter": "Training"
            },
            "sku": {
                "name": "Standard",
                "tier": "Regional"
            },
            "properties": {
                "provisioningState": "Succeeded",
                "resourceGuid": "e144895b-6a25-4d70-b248-eeb2fedb2307",
                "ipAddress": "20.44.33.92",
                "publicIPAddressVersion": "IPv4",
                "publicIPAllocationMethod": "Static",
                "idleTimeoutInMinutes": 4,
                "ipTags": []
            }
        },
        {
            "type": "Microsoft.Network/virtualNetworks",
            "apiVersion": "2019-06-01",
            "name": "[parameters('virtualNetworks_VNetHub_name')]",
            "location": "southindia",
            "tags": {
                "CostCenter": "Training"
            },
            "properties": {
                "provisioningState": "Succeeded",
                "resourceGuid": "c494164e-97c8-4dab-bedc-3d70b947824a",
                "addressSpace": {
                    "addressPrefixes": [
                        "20.0.0.0/16"
                    ]
                },
                "subnets": [
                    {
                        "name": "AzureFireWallSubNet",
                        "etag": "W/\"ecbe6598-a219-481c-b53f-c0d1b623c1d4\"",
                        "properties": {
                            "provisioningState": "Succeeded",
                            "addressPrefix": "20.0.0.0/24",
                            "delegations": [],
                            "privateEndpointNetworkPolicies": "Enabled",
                            "privateLinkServiceNetworkPolicies": "Enabled"
                        }
                    }
                ],
                "virtualNetworkPeerings": [
                    {
                        "name": "VnetHub-VNet",
                        "etag": "W/\"ecbe6598-a219-481c-b53f-c0d1b623c1d4\"",
                        "properties": {
                            "provisioningState": "Succeeded",
                            "peeringState": "Connected",
                            "remoteVirtualNetwork": {
                                "id": "[parameters('virtualNetworks_VNet_externalid')]"
                            },
                            "allowVirtualNetworkAccess": true,
                            "allowForwardedTraffic": false,
                            "allowGatewayTransit": false,
                            "useRemoteGateways": false,
                            "remoteAddressSpace": {
                                "addressPrefixes": [
                                    "10.0.0.0/16"
                                ]
                            }
                        }
                    },
                    {
                        "name": "[concat(parameters('virtualNetworks_VNetHub_name'), '-VNet1')]",
                        "etag": "W/\"ecbe6598-a219-481c-b53f-c0d1b623c1d4\"",
                        "properties": {
                            "provisioningState": "Succeeded",
                            "peeringState": "Connected",
                            "remoteVirtualNetwork": {
                                "id": "[parameters('virtualNetworks_VNet1_externalid')]"
                            },
                            "allowVirtualNetworkAccess": true,
                            "allowForwardedTraffic": false,
                            "allowGatewayTransit": false,
                            "useRemoteGateways": false,
                            "remoteAddressSpace": {
                                "addressPrefixes": [
                                    "11.1.0.0/16"
                                ]
                            }
                        }
                    }
                ],
                "enableDdosProtection": false,
                "enableVmProtection": false
            }
        },
        {
            "type": "Microsoft.Network/virtualNetworks/subnets",
            "apiVersion": "2019-06-01",
            "name": "[concat(parameters('virtualNetworks_VNetHub_name'), '/AzureFireWallSubNet')]",
            "dependsOn": [
                "[resourceId('Microsoft.Network/virtualNetworks', parameters('virtualNetworks_VNetHub_name'))]"
            ],
            "properties": {
                "provisioningState": "Succeeded",
                "addressPrefix": "20.0.0.0/24",
                "delegations": [],
                "privateEndpointNetworkPolicies": "Enabled",
                "privateLinkServiceNetworkPolicies": "Enabled"
            }
        },
        {
            "type": "Microsoft.Network/virtualNetworks/virtualNetworkPeerings",
            "apiVersion": "2019-06-01",
            "name": "[concat(parameters('virtualNetworks_VNetHub_name'), '/', parameters('virtualNetworks_VNetHub_name'), '-VNet')]",
            "dependsOn": [
                "[resourceId('Microsoft.Network/virtualNetworks', parameters('virtualNetworks_VNetHub_name'))]"
            ],
            "properties": {
                "provisioningState": "Succeeded",
                "peeringState": "Connected",
                "remoteVirtualNetwork": {
                    "id": "[parameters('virtualNetworks_VNet_externalid')]"
                },
                "allowVirtualNetworkAccess": true,
                "allowForwardedTraffic": false,
                "allowGatewayTransit": false,
                "useRemoteGateways": false,
                "remoteAddressSpace": {
                    "addressPrefixes": [
                        "10.0.0.0/16"
                    ]
                }
            }
        },
        {
            "type": "Microsoft.Network/virtualNetworks/virtualNetworkPeerings",
            "apiVersion": "2019-06-01",
            "name": "[concat(parameters('virtualNetworks_VNetHub_name'), '/', parameters('virtualNetworks_VNetHub_name'), '-VNet1')]",
            "dependsOn": [
                "[resourceId('Microsoft.Network/virtualNetworks', parameters('virtualNetworks_VNetHub_name'))]"
            ],
            "properties": {
                "provisioningState": "Succeeded",
                "peeringState": "Connected",
                "remoteVirtualNetwork": {
                    "id": "[parameters('virtualNetworks_VNet1_externalid')]"
                },
                "allowVirtualNetworkAccess": true,
                "allowForwardedTraffic": false,
                "allowGatewayTransit": false,
                "useRemoteGateways": false,
                "remoteAddressSpace": {
                    "addressPrefixes": [
                        "11.1.0.0/16"
                    ]
                }
            }
        },
        {
            "type": "Microsoft.Network/azureFirewalls",
            "apiVersion": "2019-06-01",
            "name": "[parameters('azureFirewalls_CentralFireWall_name')]",
            "location": "southindia",
            "dependsOn": [
                "[resourceId('Microsoft.Network/publicIPAddresses', parameters('publicIPAddresses_pip_firewall_name'))]",
                "[resourceId('Microsoft.Network/virtualNetworks/subnets', parameters('virtualNetworks_VNetHub_name'), 'AzureFireWallSubNet')]"
            ],
            "tags": {
                "CostCenter": "Training"
            },
            "properties": {
                "provisioningState": "Succeeded",
                "threatIntelMode": "Alert",
                "ipConfigurations": [
                    {
                        "name": "IpConf",
                        "properties": {
                            "provisioningState": "Succeeded",
                            "publicIPAddress": {
                                "id": "[resourceId('Microsoft.Network/publicIPAddresses', parameters('publicIPAddresses_pip_firewall_name'))]"
                            },
                            "subnet": {
                                "id": "[resourceId('Microsoft.Network/virtualNetworks/subnets', parameters('virtualNetworks_VNetHub_name'), 'AzureFireWallSubNet')]"
                            }
                        }
                    }
                ],
                "networkRuleCollections": [],
                "applicationRuleCollections": [
                    {
                        "name": "AllowInternetFromVm1",
                        "properties": {
                            "provisioningState": "Succeeded",
                            "priority": 500,
                            "action": {
                                "type": "Allow"
                            },
                            "rules": [
                                {
                                    "name": "vm1allow",
                                    "protocols": [
                                        {
                                            "protocolType": "Http",
                                            "port": 80
                                        },
                                        {
                                            "protocolType": "Https",
                                            "port": 443
                                        }
                                    ],
                                    "fqdnTags": [],
                                    "targetFqdns": [
                                        "*"
                                    ],
                                    "sourceAddresses": [
                                        "10.0.1.4"
                                    ]
                                },
                                {
                                    "name": "vm2allow",
                                    "protocols": [
                                        {
                                            "protocolType": "Http",
                                            "port": 80
                                        },
                                        {
                                            "protocolType": "Https",
                                            "port": 443
                                        }
                                    ],
                                    "fqdnTags": [],
                                    "targetFqdns": [
                                        "*"
                                    ],
                                    "sourceAddresses": [
                                        "10.0.2.4"
                                    ]
                                }
                            ]
                        }
                    }
                ],
                "natRuleCollections": [
                    {
                        "name": "sshvm1",
                        "properties": {
                            "provisioningState": "Succeeded",
                            "priority": 500,
                            "action": {
                                "type": "Dnat"
                            },
                            "rules": [
                                {
                                    "name": "vm1",
                                    "protocols": [
                                        "TCP"
                                    ],
                                    "translatedAddress": "104.211.224.251",
                                    "translatedPort": "26",
                                    "sourceAddresses": [
                                        "*"
                                    ],
                                    "destinationAddresses": [
                                        "20.44.33.92"
                                    ],
                                    "destinationPorts": [
                                        "26"
                                    ]
                                },
                                {
                                    "name": "vm2",
                                    "protocols": [
                                        "TCP"
                                    ],
                                    "translatedAddress": "104.211.224.251",
                                    "translatedPort": "27",
                                    "sourceAddresses": [
                                        "*"
                                    ],
                                    "destinationAddresses": [
                                        "20.44.33.92"
                                    ],
                                    "destinationPorts": [
                                        "27"
                                    ]
                                }
                            ]
                        }
                    },
                    {
                        "name": "AllowHttpToLB",
                        "properties": {
                            "provisioningState": "Succeeded",
                            "priority": 600,
                            "action": {
                                "type": "Dnat"
                            },
                            "rules": [
                                {
                                    "name": "AllowHttpToLB",
                                    "protocols": [
                                        "TCP"
                                    ],
                                    "translatedAddress": "52.172.43.196",
                                    "translatedPort": "80",
                                    "sourceAddresses": [
                                        "*"
                                    ],
                                    "destinationAddresses": [
                                        "20.44.33.92"
                                    ],
                                    "destinationPorts": [
                                        "8090"
                                    ]
                                }
                            ]
                        }
                    }
                ]
            }
        }
    ]
}