{
    "$schema": "https://schema.management.azure.com/schemas/2015-01-01/deploymentTemplate.json#",
    "contentVersion": "1.0.0.0",
    "parameters": {
        "routeTables_FireWallRouteTable_name": {
            "defaultValue": "FireWallRouteTable",
            "type": "String"
        }
    },
    "variables": {},
    "resources": [
        {
            "type": "Microsoft.Network/routeTables",
            "apiVersion": "2019-06-01",
            "name": "[parameters('routeTables_FireWallRouteTable_name')]",
            "location": "southindia",
            "tags": {
                "CostCenter": "Training"
            },
            "properties": {
                "provisioningState": "Succeeded",
                "disableBgpRoutePropagation": false,
                "routes": [
                    {
                        "name": "RouteViaFirewall",
                        "etag": "W/\"f9ddc624-ad1a-413b-832c-0c3edb8fc60b\"",
                        "properties": {
                            "provisioningState": "Succeeded",
                            "addressPrefix": "0.0.0.0/0",
                            "nextHopType": "VirtualAppliance",
                            "nextHopIpAddress": "20.0.0.4"
                        }
                    },
                    {
                        "name": "SkipFireWall",
                        "etag": "W/\"f9ddc624-ad1a-413b-832c-0c3edb8fc60b\"",
                        "properties": {
                            "provisioningState": "Succeeded",
                            "addressPrefix": "20.44.33.92/32",
                            "nextHopType": "Internet"
                        }
                    }
                ]
            }
        },
        {
            "type": "Microsoft.Network/routeTables/routes",
            "apiVersion": "2019-06-01",
            "name": "[concat(parameters('routeTables_FireWallRouteTable_name'), '/RouteViaFirewall')]",
            "dependsOn": [
                "[resourceId('Microsoft.Network/routeTables', parameters('routeTables_FireWallRouteTable_name'))]"
            ],
            "properties": {
                "provisioningState": "Succeeded",
                "addressPrefix": "0.0.0.0/0",
                "nextHopType": "VirtualAppliance",
                "nextHopIpAddress": "20.0.0.4"
            }
        },
        {
            "type": "Microsoft.Network/routeTables/routes",
            "apiVersion": "2019-06-01",
            "name": "[concat(parameters('routeTables_FireWallRouteTable_name'), '/SkipFireWall')]",
            "dependsOn": [
                "[resourceId('Microsoft.Network/routeTables', parameters('routeTables_FireWallRouteTable_name'))]"
            ],
            "properties": {
                "provisioningState": "Succeeded",
                "addressPrefix": "20.44.33.92/32",
                "nextHopType": "Internet"
            }
        }
    ]
}