{
    "$schema": "https://schema.management.azure.com/schemas/2015-01-01/deploymentTemplate.json#",
    "contentVersion": "1.0.0.0",
    "parameters": {
        "azureFirewalls_CentralFireWall_name": {
            "defaultValue": "CentralFireWall",
            "type": "String"
        },
        "publicIPAddresses_pip_firewall_externalid": {
            "defaultValue": "/subscriptions/4bb5c1c7-e7a2-43b2-8a1a-df7b4bc4b9cb/resourceGroups/VnetHubRG/providers/Microsoft.Network/publicIPAddresses/pip-firewall",
            "type": "String"
        },
        "virtualNetworks_VNetHub_externalid": {
            "defaultValue": "/subscriptions/4bb5c1c7-e7a2-43b2-8a1a-df7b4bc4b9cb/resourceGroups/VnetHubRG/providers/Microsoft.Network/virtualNetworks/VNetHub",
            "type": "String"
        }
    },
    "variables": {},
    "resources": [
        {
            "type": "Microsoft.Network/azureFirewalls",
            "apiVersion": "2019-06-01",
            "name": "[parameters('azureFirewalls_CentralFireWall_name')]",
            "location": "southindia",
            "tags": {
                "CostCenter": "Training"
            },
            "properties": {
                "provisioningState": "Succeeded",
                "threatIntelMode": "Alert",
                "ipConfigurations": [
                    {
                        "name": "IpConf",
                        "properties": {
                            "provisioningState": "Succeeded",
                            "publicIPAddress": {
                                "id": "[parameters('publicIPAddresses_pip_firewall_externalid')]"
                            },
                            "subnet": {
                                "id": "[concat(parameters('virtualNetworks_VNetHub_externalid'), '/subnets/AzureFireWallSubNet')]"
                            }
                        }
                    }
                ],
                "networkRuleCollections": [],
                "applicationRuleCollections": [
                    {
                        "name": "AllowInternetFromVm1",
                        "properties": {
                            "provisioningState": "Succeeded",
                            "priority": 500,
                            "action": {
                                "type": "Allow"
                            },
                            "rules": [
                                {
                                    "name": "vm1allow",
                                    "protocols": [
                                        {
                                            "protocolType": "Http",
                                            "port": 80
                                        },
                                        {
                                            "protocolType": "Https",
                                            "port": 443
                                        }
                                    ],
                                    "fqdnTags": [],
                                    "targetFqdns": [
                                        "*"
                                    ],
                                    "sourceAddresses": [
                                        "10.0.1.4"
                                    ]
                                },
                                {
                                    "name": "vm2allow",
                                    "protocols": [
                                        {
                                            "protocolType": "Http",
                                            "port": 80
                                        },
                                        {
                                            "protocolType": "Https",
                                            "port": 443
                                        }
                                    ],
                                    "fqdnTags": [],
                                    "targetFqdns": [
                                        "*"
                                    ],
                                    "sourceAddresses": [
                                        "10.0.2.4"
                                    ]
                                }
                            ]
                        }
                    }
                ],
                "natRuleCollections": [
                    {
                        "name": "AllowHttpToLB",
                        "properties": {
                            "provisioningState": "Succeeded",
                            "priority": 600,
                            "action": {
                                "type": "Dnat"
                            },
                            "rules": [
                                {
                                    "name": "AllowHttpToLB",
                                    "protocols": [
                                        "TCP"
                                    ],
                                    "translatedAddress": "52.172.43.196",
                                    "translatedPort": "80",
                                    "sourceAddresses": [
                                        "*"
                                    ],
                                    "destinationAddresses": [
                                        "20.44.33.92"
                                    ],
                                    "destinationPorts": [
                                        "8090"
                                    ]
                                }
                            ]
                        }
                    },
                    {
                        "name": "sshvm1",
                        "properties": {
                            "provisioningState": "Succeeded",
                            "priority": 500,
                            "action": {
                                "type": "Dnat"
                            },
                            "rules": [
                                {
                                    "name": "vm1",
                                    "protocols": [
                                        "TCP"
                                    ],
                                    "translatedAddress": "104.211.230.106",
                                    "translatedPort": "26",
                                    "sourceAddresses": [
                                        "*"
                                    ],
                                    "destinationAddresses": [
                                        "20.44.33.92"
                                    ],
                                    "destinationPorts": [
                                        "26"
                                    ]
                                },
                                {
                                    "name": "vm2",
                                    "protocols": [
                                        "TCP"
                                    ],
                                    "translatedAddress": "104.211.230.106",
                                    "translatedPort": "27",
                                    "sourceAddresses": [
                                        "*"
                                    ],
                                    "destinationAddresses": [
                                        "20.44.33.92"
                                    ],
                                    "destinationPorts": [
                                        "27"
                                    ]
                                }
                            ]
                        }
                    }
                ]
            }
        }
    ]
}