{
    "$schema": "https://schema.management.azure.com/schemas/2015-01-01/deploymentTemplate.json#",
    "contentVersion": "1.0.0.0",
    "parameters": {
        "virtualMachines_MyVM0_name": {
            "defaultValue": "MyVM0",
            "type": "String"
        },
        "virtualMachines_MyVM1_name": {
            "defaultValue": "MyVM1",
            "type": "String"
        },
        "virtualNetworks_MyVNet_name": {
            "defaultValue": "MyVNet",
            "type": "String"
        },
        "availabilitySets_MyAVSet_name": {
            "defaultValue": "MyAVSet",
            "type": "String"
        },
        "networkInterfaces_MyNIC0_name": {
            "defaultValue": "MyNIC0",
            "type": "String"
        },
        "networkInterfaces_MyNIC1_name": {
            "defaultValue": "MyNIC1",
            "type": "String"
        },
        "publicIPAddresses_MyPip0_name": {
            "defaultValue": "MyPip0",
            "type": "String"
        },
        "publicIPAddresses_MyPip1_name": {
            "defaultValue": "MyPip1",
            "type": "String"
        },
        "loadBalancers_MyInternalLB_name": {
            "defaultValue": "MyInternalLB",
            "type": "String"
        },
        "virtualNetworks_CentralVNet_name": {
            "defaultValue": "CentralVNet",
            "type": "String"
        },
        "routeTables_CentralRouteTable_name": {
            "defaultValue": "CentralRouteTable",
            "type": "String"
        },
        "storageAccounts_mop6ooak7ynwm_name": {
            "defaultValue": "mop6ooak7ynwm",
            "type": "String"
        },
        "azureFirewalls_MyAzureFireWall_name": {
            "defaultValue": "MyAzureFireWall",
            "type": "String"
        },
        "publicIPAddresses_MyAzureFireWall_PIP_name": {
            "defaultValue": "MyAzureFireWall-PIP",
            "type": "String"
        }
    },
    "variables": {},
    "resources": [
        {
            "type": "Microsoft.Network/publicIPAddresses",
            "apiVersion": "2019-06-01",
            "name": "[parameters('publicIPAddresses_MyAzureFireWall_PIP_name')]",
            "location": "southindia",
            "tags": {
                "CostCenter": "Training"
            },
            "sku": {
                "name": "Standard",
                "tier": "Regional"
            },
            "properties": {
                "provisioningState": "Succeeded",
                "resourceGuid": "d9d95916-9c46-4dec-af95-32e6f1a50986",
                "ipAddress": "20.44.32.57",
                "publicIPAddressVersion": "IPv4",
                "publicIPAllocationMethod": "Static",
                "idleTimeoutInMinutes": 4,
                "ipTags": []
            }
        },
        {
            "type": "Microsoft.Network/publicIPAddresses",
            "apiVersion": "2019-06-01",
            "name": "[parameters('publicIPAddresses_MyPip0_name')]",
            "location": "southindia",
            "tags": {
                "CostCenter": "Training"
            },
            "sku": {
                "name": "Basic",
                "tier": "Regional"
            },
            "properties": {
                "provisioningState": "Succeeded",
                "resourceGuid": "90f024a8-f78c-41ce-b433-1091e2d55cf2",
                "publicIPAddressVersion": "IPv4",
                "publicIPAllocationMethod": "Dynamic",
                "idleTimeoutInMinutes": 4,
                "ipTags": []
            }
        },
        {
            "type": "Microsoft.Network/publicIPAddresses",
            "apiVersion": "2019-06-01",
            "name": "[parameters('publicIPAddresses_MyPip1_name')]",
            "location": "southindia",
            "tags": {
                "CostCenter": "Training"
            },
            "sku": {
                "name": "Basic",
                "tier": "Regional"
            },
            "properties": {
                "provisioningState": "Succeeded",
                "resourceGuid": "193ea4b1-e2df-4632-9c99-d882005ecb07",
                "publicIPAddressVersion": "IPv4",
                "publicIPAllocationMethod": "Dynamic",
                "idleTimeoutInMinutes": 4,
                "ipTags": []
            }
        },
        {
            "type": "Microsoft.Network/routeTables",
            "apiVersion": "2019-06-01",
            "name": "[parameters('routeTables_CentralRouteTable_name')]",
            "location": "southindia",
            "tags": {
                "CostCenter": "Training"
            },
            "properties": {
                "provisioningState": "Succeeded",
                "disableBgpRoutePropagation": false,
                "routes": [
                    {
                        "name": "RouteToInternet",
                        "etag": "W/\"cc457e93-6955-485e-916f-bc3b1c768ecf\"",
                        "properties": {
                            "provisioningState": "Succeeded",
                            "addressPrefix": "0.0.0.0/0",
                            "nextHopType": "VirtualAppliance",
                            "nextHopIpAddress": "30.0.0.4"
                        }
                    },
                    {
                        "name": "SkipFireWall",
                        "etag": "W/\"cc457e93-6955-485e-916f-bc3b1c768ecf\"",
                        "properties": {
                            "provisioningState": "Succeeded",
                            "addressPrefix": "20.44.32.57/32",
                            "nextHopType": "Internet"
                        }
                    }
                ]
            }
        },
        {
            "type": "Microsoft.Storage/storageAccounts",
            "apiVersion": "2019-04-01",
            "name": "[parameters('storageAccounts_mop6ooak7ynwm_name')]",
            "location": "southindia",
            "tags": {
                "CostCenter": "Training"
            },
            "sku": {
                "name": "Standard_LRS",
                "tier": "Standard"
            },
            "kind": "Storage",
            "properties": {
                "networkAcls": {
                    "bypass": "AzureServices",
                    "virtualNetworkRules": [],
                    "ipRules": [],
                    "defaultAction": "Allow"
                },
                "supportsHttpsTrafficOnly": false,
                "encryption": {
                    "services": {
                        "file": {
                            "enabled": true
                        },
                        "blob": {
                            "enabled": true
                        }
                    },
                    "keySource": "Microsoft.Storage"
                }
            }
        },
        {
            "type": "Microsoft.Network/loadBalancers",
            "apiVersion": "2019-06-01",
            "name": "[parameters('loadBalancers_MyInternalLB_name')]",
            "location": "southindia",
            "dependsOn": [
                "[resourceId('Microsoft.Network/virtualNetworks/subnets', parameters('virtualNetworks_MyVNet_name'), 'LBSub')]"
            ],
            "tags": {
                "CostCenter": "Training"
            },
            "sku": {
                "name": "Basic",
                "tier": "Regional"
            },
            "properties": {
                "provisioningState": "Succeeded",
                "resourceGuid": "10a7928b-c8df-4a54-af51-056f92341e2d",
                "frontendIPConfigurations": [
                    {
                        "name": "LoadBalancerFrontEnd",
                        "etag": "W/\"661a253d-b15b-4abc-8576-1eefa5005523\"",
                        "properties": {
                            "provisioningState": "Succeeded",
                            "privateIPAddress": "18.0.2.4",
                            "privateIPAllocationMethod": "Dynamic",
                            "subnet": {
                                "id": "[resourceId('Microsoft.Network/virtualNetworks/subnets', parameters('virtualNetworks_MyVNet_name'), 'LBSub')]"
                            },
                            "privateIPAddressVersion": "IPv4"
                        }
                    },
                    {
                        "name": "LoadBalancerFrontEnd2",
                        "etag": "W/\"661a253d-b15b-4abc-8576-1eefa5005523\"",
                        "properties": {
                            "provisioningState": "Succeeded",
                            "privateIPAddress": "18.0.2.5",
                            "privateIPAllocationMethod": "Dynamic",
                            "subnet": {
                                "id": "[resourceId('Microsoft.Network/virtualNetworks/subnets', parameters('virtualNetworks_MyVNet_name'), 'LBSub')]"
                            },
                            "privateIPAddressVersion": "IPv4"
                        }
                    }
                ],
                "backendAddressPools": [
                    {
                        "name": "LBPool2",
                        "etag": "W/\"661a253d-b15b-4abc-8576-1eefa5005523\"",
                        "properties": {
                            "provisioningState": "Succeeded"
                        }
                    }
                ],
                "loadBalancingRules": [
                    {
                        "name": "rule80",
                        "etag": "W/\"661a253d-b15b-4abc-8576-1eefa5005523\"",
                        "properties": {
                            "provisioningState": "Succeeded",
                            "frontendIPConfiguration": {
                                "id": "[concat(resourceId('Microsoft.Network/loadBalancers', parameters('loadBalancers_MyInternalLB_name')), '/frontendIPConfigurations/LoadBalancerFrontEnd')]"
                            },
                            "frontendPort": 80,
                            "backendPort": 80,
                            "enableFloatingIP": false,
                            "idleTimeoutInMinutes": 4,
                            "protocol": "Tcp",
                            "enableTcpReset": false,
                            "loadDistribution": "Default",
                            "backendAddressPool": {
                                "id": "[concat(resourceId('Microsoft.Network/loadBalancers', parameters('loadBalancers_MyInternalLB_name')), '/backendAddressPools/LBPool2')]"
                            },
                            "probe": {
                                "id": "[concat(resourceId('Microsoft.Network/loadBalancers', parameters('loadBalancers_MyInternalLB_name')), '/probes/probe2')]"
                            }
                        }
                    }
                ],
                "probes": [
                    {
                        "name": "probe2",
                        "etag": "W/\"661a253d-b15b-4abc-8576-1eefa5005523\"",
                        "properties": {
                            "provisioningState": "Succeeded",
                            "protocol": "Http",
                            "port": 80,
                            "requestPath": "/",
                            "intervalInSeconds": 5,
                            "numberOfProbes": 2
                        }
                    }
                ],
                "inboundNatRules": [
                    {
                        "name": "vm0",
                        "etag": "W/\"661a253d-b15b-4abc-8576-1eefa5005523\"",
                        "properties": {
                            "provisioningState": "Succeeded",
                            "frontendIPConfiguration": {
                                "id": "[concat(resourceId('Microsoft.Network/loadBalancers', parameters('loadBalancers_MyInternalLB_name')), '/frontendIPConfigurations/LoadBalancerFrontEnd2')]"
                            },
                            "frontendPort": 26,
                            "backendPort": 22,
                            "enableFloatingIP": false,
                            "idleTimeoutInMinutes": 4,
                            "protocol": "Tcp",
                            "enableTcpReset": false
                        }
                    },
                    {
                        "name": "vm1",
                        "etag": "W/\"661a253d-b15b-4abc-8576-1eefa5005523\"",
                        "properties": {
                            "provisioningState": "Succeeded",
                            "frontendIPConfiguration": {
                                "id": "[concat(resourceId('Microsoft.Network/loadBalancers', parameters('loadBalancers_MyInternalLB_name')), '/frontendIPConfigurations/LoadBalancerFrontEnd2')]"
                            },
                            "frontendPort": 27,
                            "backendPort": 22,
                            "enableFloatingIP": false,
                            "idleTimeoutInMinutes": 4,
                            "protocol": "Tcp",
                            "enableTcpReset": false
                        }
                    }
                ],
                "inboundNatPools": []
            }
        },
        {
            "type": "Microsoft.Network/loadBalancers/inboundNatRules",
            "apiVersion": "2019-06-01",
            "name": "[concat(parameters('loadBalancers_MyInternalLB_name'), '/vm0')]",
            "dependsOn": [
                "[resourceId('Microsoft.Network/loadBalancers', parameters('loadBalancers_MyInternalLB_name'))]"
            ],
            "properties": {
                "provisioningState": "Succeeded",
                "frontendIPConfiguration": {
                    "id": "[concat(resourceId('Microsoft.Network/loadBalancers', parameters('loadBalancers_MyInternalLB_name')), '/frontendIPConfigurations/LoadBalancerFrontEnd2')]"
                },
                "frontendPort": 26,
                "backendPort": 22,
                "enableFloatingIP": false,
                "idleTimeoutInMinutes": 4,
                "protocol": "Tcp",
                "enableTcpReset": false
            }
        },
        {
            "type": "Microsoft.Network/loadBalancers/inboundNatRules",
            "apiVersion": "2019-06-01",
            "name": "[concat(parameters('loadBalancers_MyInternalLB_name'), '/vm1')]",
            "dependsOn": [
                "[resourceId('Microsoft.Network/loadBalancers', parameters('loadBalancers_MyInternalLB_name'))]"
            ],
            "properties": {
                "provisioningState": "Succeeded",
                "frontendIPConfiguration": {
                    "id": "[concat(resourceId('Microsoft.Network/loadBalancers', parameters('loadBalancers_MyInternalLB_name')), '/frontendIPConfigurations/LoadBalancerFrontEnd2')]"
                },
                "frontendPort": 27,
                "backendPort": 22,
                "enableFloatingIP": false,
                "idleTimeoutInMinutes": 4,
                "protocol": "Tcp",
                "enableTcpReset": false
            }
        },
        {
            "type": "Microsoft.Network/routeTables/routes",
            "apiVersion": "2019-06-01",
            "name": "[concat(parameters('routeTables_CentralRouteTable_name'), '/RouteToInternet')]",
            "dependsOn": [
                "[resourceId('Microsoft.Network/routeTables', parameters('routeTables_CentralRouteTable_name'))]"
            ],
            "properties": {
                "provisioningState": "Succeeded",
                "addressPrefix": "0.0.0.0/0",
                "nextHopType": "VirtualAppliance",
                "nextHopIpAddress": "30.0.0.4"
            }
        },
        {
            "type": "Microsoft.Network/routeTables/routes",
            "apiVersion": "2019-06-01",
            "name": "[concat(parameters('routeTables_CentralRouteTable_name'), '/SkipFireWall')]",
            "dependsOn": [
                "[resourceId('Microsoft.Network/routeTables', parameters('routeTables_CentralRouteTable_name'))]"
            ],
            "properties": {
                "provisioningState": "Succeeded",
                "addressPrefix": "20.44.32.57/32",
                "nextHopType": "Internet"
            }
        },
        {
            "type": "Microsoft.Network/virtualNetworks",
            "apiVersion": "2019-06-01",
            "name": "[parameters('virtualNetworks_CentralVNet_name')]",
            "location": "southindia",
            "dependsOn": [
                "[resourceId('Microsoft.Network/virtualNetworks', parameters('virtualNetworks_MyVNet_name'))]"
            ],
            "tags": {
                "CostCenter": "Training"
            },
            "properties": {
                "provisioningState": "Succeeded",
                "resourceGuid": "50289215-a47d-4ffa-8d5b-3eb60ee463f6",
                "addressSpace": {
                    "addressPrefixes": [
                        "30.0.0.0/16"
                    ]
                },
                "subnets": [
                    {
                        "name": "AzureFirewallSubnet",
                        "etag": "W/\"69e29a84-9d54-4324-af51-008994cfe804\"",
                        "properties": {
                            "provisioningState": "Succeeded",
                            "addressPrefix": "30.0.0.0/24",
                            "delegations": [],
                            "privateEndpointNetworkPolicies": "Enabled",
                            "privateLinkServiceNetworkPolicies": "Enabled"
                        }
                    }
                ],
                "virtualNetworkPeerings": [
                    {
                        "name": "CentralVnet-MyVnet",
                        "etag": "W/\"69e29a84-9d54-4324-af51-008994cfe804\"",
                        "properties": {
                            "provisioningState": "Succeeded",
                            "peeringState": "Connected",
                            "remoteVirtualNetwork": {
                                "id": "[resourceId('Microsoft.Network/virtualNetworks', parameters('virtualNetworks_MyVNet_name'))]"
                            },
                            "allowVirtualNetworkAccess": true,
                            "allowForwardedTraffic": false,
                            "allowGatewayTransit": false,
                            "useRemoteGateways": false,
                            "remoteAddressSpace": {
                                "addressPrefixes": [
                                    "18.0.0.0/16"
                                ]
                            }
                        }
                    }
                ],
                "enableDdosProtection": false,
                "enableVmProtection": false
            }
        },
        {
            "type": "Microsoft.Network/virtualNetworks/subnets",
            "apiVersion": "2019-06-01",
            "name": "[concat(parameters('virtualNetworks_CentralVNet_name'), '/AzureFirewallSubnet')]",
            "dependsOn": [
                "[resourceId('Microsoft.Network/virtualNetworks', parameters('virtualNetworks_CentralVNet_name'))]"
            ],
            "properties": {
                "provisioningState": "Succeeded",
                "addressPrefix": "30.0.0.0/24",
                "delegations": [],
                "privateEndpointNetworkPolicies": "Enabled",
                "privateLinkServiceNetworkPolicies": "Enabled"
            }
        },
        {
            "type": "Microsoft.Network/virtualNetworks/subnets",
            "apiVersion": "2019-06-01",
            "name": "[concat(parameters('virtualNetworks_MyVNet_name'), '/LBSub')]",
            "dependsOn": [
                "[resourceId('Microsoft.Network/virtualNetworks', parameters('virtualNetworks_MyVNet_name'))]"
            ],
            "properties": {
                "provisioningState": "Succeeded",
                "addressPrefix": "18.0.2.0/24",
                "serviceEndpoints": [],
                "delegations": [],
                "privateEndpointNetworkPolicies": "Enabled",
                "privateLinkServiceNetworkPolicies": "Enabled"
            }
        },
        {
            "type": "Microsoft.Storage/storageAccounts/blobServices",
            "apiVersion": "2019-04-01",
            "name": "[concat(parameters('storageAccounts_mop6ooak7ynwm_name'), '/default')]",
            "dependsOn": [
                "[resourceId('Microsoft.Storage/storageAccounts', parameters('storageAccounts_mop6ooak7ynwm_name'))]"
            ],
            "properties": {
                "cors": {
                    "corsRules": []
                },
                "deleteRetentionPolicy": {
                    "enabled": false
                }
            }
        },
        {
            "type": "Microsoft.Compute/availabilitySets",
            "apiVersion": "2019-03-01",
            "name": "[parameters('availabilitySets_MyAVSet_name')]",
            "location": "southindia",
            "dependsOn": [
                "[resourceId('Microsoft.Compute/virtualMachines', parameters('virtualMachines_MyVM0_name'))]",
                "[resourceId('Microsoft.Compute/virtualMachines', parameters('virtualMachines_MyVM1_name'))]"
            ],
            "tags": {
                "CostCenter": "Training"
            },
            "sku": {
                "name": "Aligned"
            },
            "properties": {
                "platformUpdateDomainCount": 5,
                "platformFaultDomainCount": 2,
                "virtualMachines": [
                    {
                        "id": "[resourceId('Microsoft.Compute/virtualMachines', parameters('virtualMachines_MyVM0_name'))]"
                    },
                    {
                        "id": "[resourceId('Microsoft.Compute/virtualMachines', parameters('virtualMachines_MyVM1_name'))]"
                    }
                ]
            }
        },
        {
            "type": "Microsoft.Network/azureFirewalls",
            "apiVersion": "2019-06-01",
            "name": "[parameters('azureFirewalls_MyAzureFireWall_name')]",
            "location": "southindia",
            "dependsOn": [
                "[resourceId('Microsoft.Network/publicIPAddresses', parameters('publicIPAddresses_MyAzureFireWall_PIP_name'))]",
                "[resourceId('Microsoft.Network/virtualNetworks/subnets', parameters('virtualNetworks_CentralVNet_name'), 'AzureFirewallSubnet')]"
            ],
            "tags": {
                "CostCenter": "Training"
            },
            "properties": {
                "provisioningState": "Succeeded",
                "threatIntelMode": "Alert",
                "ipConfigurations": [
                    {
                        "name": "IpConf",
                        "properties": {
                            "provisioningState": "Succeeded",
                            "publicIPAddress": {
                                "id": "[resourceId('Microsoft.Network/publicIPAddresses', parameters('publicIPAddresses_MyAzureFireWall_PIP_name'))]"
                            },
                            "subnet": {
                                "id": "[resourceId('Microsoft.Network/virtualNetworks/subnets', parameters('virtualNetworks_CentralVNet_name'), 'AzureFirewallSubnet')]"
                            }
                        }
                    }
                ],
                "networkRuleCollections": [],
                "applicationRuleCollections": [
                    {
                        "name": "Outbound",
                        "properties": {
                            "provisioningState": "Succeeded",
                            "priority": 600,
                            "action": {
                                "type": "Allow"
                            },
                            "rules": [
                                {
                                    "name": "AllowAllInternetFromMyVM0",
                                    "protocols": [
                                        {
                                            "protocolType": "Http",
                                            "port": 80
                                        },
                                        {
                                            "protocolType": "Https",
                                            "port": 443
                                        }
                                    ],
                                    "fqdnTags": [],
                                    "targetFqdns": [
                                        "*"
                                    ],
                                    "sourceAddresses": [
                                        "18.0.1.5"
                                    ]
                                },
                                {
                                    "name": "AllowAllInternetFromMyVM1",
                                    "protocols": [
                                        {
                                            "protocolType": "Http",
                                            "port": 80
                                        },
                                        {
                                            "protocolType": "Https",
                                            "port": 443
                                        }
                                    ],
                                    "fqdnTags": [],
                                    "targetFqdns": [
                                        "*"
                                    ],
                                    "sourceAddresses": [
                                        "18.0.1.4"
                                    ]
                                }
                            ]
                        }
                    }
                ],
                "natRuleCollections": [
                    {
                        "name": "SSH-VM",
                        "properties": {
                            "provisioningState": "Succeeded",
                            "priority": 500,
                            "action": {
                                "type": "Dnat"
                            },
                            "rules": [
                                {
                                    "name": "MyVM0-lb-nat",
                                    "protocols": [
                                        "TCP"
                                    ],
                                    "translatedAddress": "18.0.2.5",
                                    "translatedPort": "26",
                                    "sourceAddresses": [
                                        "*"
                                    ],
                                    "destinationAddresses": [
                                        "20.44.32.57"
                                    ],
                                    "destinationPorts": [
                                        "26"
                                    ]
                                },
                                {
                                    "name": "MyVM0-vm-nat",
                                    "protocols": [
                                        "TCP"
                                    ],
                                    "translatedAddress": "18.0.1.5",
                                    "translatedPort": "22",
                                    "sourceAddresses": [
                                        "*"
                                    ],
                                    "destinationAddresses": [
                                        "20.44.32.57"
                                    ],
                                    "destinationPorts": [
                                        "36"
                                    ]
                                },
                                {
                                    "name": "MyVM1-lb-nat",
                                    "protocols": [
                                        "TCP"
                                    ],
                                    "translatedAddress": "18.0.2.5",
                                    "translatedPort": "27",
                                    "sourceAddresses": [
                                        "*"
                                    ],
                                    "destinationAddresses": [
                                        "20.44.32.57"
                                    ],
                                    "destinationPorts": [
                                        "27"
                                    ]
                                },
                                {
                                    "name": "MyVM1-vm-nat",
                                    "protocols": [
                                        "TCP"
                                    ],
                                    "translatedAddress": "18.0.1.4",
                                    "translatedPort": "22",
                                    "sourceAddresses": [
                                        "*"
                                    ],
                                    "destinationAddresses": [
                                        "20.44.32.57"
                                    ],
                                    "destinationPorts": [
                                        "37"
                                    ]
                                }
                            ]
                        }
                    },
                    {
                        "name": "HTTPTOVM",
                        "properties": {
                            "provisioningState": "Succeeded",
                            "priority": 600,
                            "action": {
                                "type": "Dnat"
                            },
                            "rules": [
                                {
                                    "name": "HTTP-MyVM0-LB",
                                    "protocols": [
                                        "TCP"
                                    ],
                                    "translatedAddress": "18.0.2.4",
                                    "translatedPort": "80",
                                    "sourceAddresses": [
                                        "*"
                                    ],
                                    "destinationAddresses": [
                                        "20.44.32.57"
                                    ],
                                    "destinationPorts": [
                                        "9080"
                                    ]
                                },
                                {
                                    "name": "HTTP-MyVM0-VM",
                                    "protocols": [
                                        "TCP"
                                    ],
                                    "translatedAddress": "18.0.1.5",
                                    "translatedPort": "80",
                                    "sourceAddresses": [
                                        "*"
                                    ],
                                    "destinationAddresses": [
                                        "20.44.32.57"
                                    ],
                                    "destinationPorts": [
                                        "7080"
                                    ]
                                },
                                {
                                    "name": "HTTP-MyVM1-VM",
                                    "protocols": [
                                        "TCP"
                                    ],
                                    "translatedAddress": "18.0.1.4",
                                    "translatedPort": "80",
                                    "sourceAddresses": [
                                        "*"
                                    ],
                                    "destinationAddresses": [
                                        "20.44.32.57"
                                    ],
                                    "destinationPorts": [
                                        "7081"
                                    ]
                                }
                            ]
                        }
                    }
                ]
            }
        },
        {
            "type": "Microsoft.Network/virtualNetworks",
            "apiVersion": "2019-06-01",
            "name": "[parameters('virtualNetworks_MyVNet_name')]",
            "location": "southindia",
            "dependsOn": [
                "[resourceId('Microsoft.Network/routeTables', parameters('routeTables_CentralRouteTable_name'))]",
                "[resourceId('Microsoft.Network/virtualNetworks', parameters('virtualNetworks_CentralVNet_name'))]"
            ],
            "tags": {
                "CostCenter": "Training"
            },
            "properties": {
                "provisioningState": "Succeeded",
                "resourceGuid": "131910ab-5b06-415e-ac8f-281fbad3d680",
                "addressSpace": {
                    "addressPrefixes": [
                        "18.0.0.0/16"
                    ]
                },
                "subnets": [
                    {
                        "name": "LBSub",
                        "etag": "W/\"ea8f0050-c29a-4630-a604-0403086237c3\"",
                        "properties": {
                            "provisioningState": "Succeeded",
                            "addressPrefix": "18.0.2.0/24",
                            "serviceEndpoints": [],
                            "delegations": [],
                            "privateEndpointNetworkPolicies": "Enabled",
                            "privateLinkServiceNetworkPolicies": "Enabled"
                        }
                    },
                    {
                        "name": "MySub1",
                        "etag": "W/\"ea8f0050-c29a-4630-a604-0403086237c3\"",
                        "properties": {
                            "provisioningState": "Succeeded",
                            "addressPrefix": "18.0.1.0/24",
                            "routeTable": {
                                "id": "[resourceId('Microsoft.Network/routeTables', parameters('routeTables_CentralRouteTable_name'))]"
                            },
                            "serviceEndpoints": [],
                            "delegations": [],
                            "privateEndpointNetworkPolicies": "Enabled",
                            "privateLinkServiceNetworkPolicies": "Enabled"
                        }
                    }
                ],
                "virtualNetworkPeerings": [
                    {
                        "name": "[concat(parameters('virtualNetworks_MyVNet_name'), '-CentralVnet')]",
                        "etag": "W/\"ea8f0050-c29a-4630-a604-0403086237c3\"",
                        "properties": {
                            "provisioningState": "Succeeded",
                            "peeringState": "Connected",
                            "remoteVirtualNetwork": {
                                "id": "[resourceId('Microsoft.Network/virtualNetworks', parameters('virtualNetworks_CentralVNet_name'))]"
                            },
                            "allowVirtualNetworkAccess": true,
                            "allowForwardedTraffic": false,
                            "allowGatewayTransit": false,
                            "useRemoteGateways": false,
                            "remoteAddressSpace": {
                                "addressPrefixes": [
                                    "30.0.0.0/16"
                                ]
                            }
                        }
                    }
                ],
                "enableDdosProtection": false,
                "enableVmProtection": false
            }
        },
        {
            "type": "Microsoft.Network/virtualNetworks/subnets",
            "apiVersion": "2019-06-01",
            "name": "[concat(parameters('virtualNetworks_MyVNet_name'), '/MySub1')]",
            "dependsOn": [
                "[resourceId('Microsoft.Network/virtualNetworks', parameters('virtualNetworks_MyVNet_name'))]",
                "[resourceId('Microsoft.Network/routeTables', parameters('routeTables_CentralRouteTable_name'))]"
            ],
            "properties": {
                "provisioningState": "Succeeded",
                "addressPrefix": "18.0.1.0/24",
                "routeTable": {
                    "id": "[resourceId('Microsoft.Network/routeTables', parameters('routeTables_CentralRouteTable_name'))]"
                },
                "serviceEndpoints": [],
                "delegations": [],
                "privateEndpointNetworkPolicies": "Enabled",
                "privateLinkServiceNetworkPolicies": "Enabled"
            }
        },
        {
            "type": "Microsoft.Network/virtualNetworks/virtualNetworkPeerings",
            "apiVersion": "2019-06-01",
            "name": "[concat(parameters('virtualNetworks_CentralVNet_name'), '/', parameters('virtualNetworks_CentralVNet_name'), '-MyVnet')]",
            "dependsOn": [
                "[resourceId('Microsoft.Network/virtualNetworks', parameters('virtualNetworks_CentralVNet_name'))]",
                "[resourceId('Microsoft.Network/virtualNetworks', parameters('virtualNetworks_MyVNet_name'))]"
            ],
            "properties": {
                "provisioningState": "Succeeded",
                "peeringState": "Connected",
                "remoteVirtualNetwork": {
                    "id": "[resourceId('Microsoft.Network/virtualNetworks', parameters('virtualNetworks_MyVNet_name'))]"
                },
                "allowVirtualNetworkAccess": true,
                "allowForwardedTraffic": false,
                "allowGatewayTransit": false,
                "useRemoteGateways": false,
                "remoteAddressSpace": {
                    "addressPrefixes": [
                        "18.0.0.0/16"
                    ]
                }
            }
        },
        {
            "type": "Microsoft.Network/virtualNetworks/virtualNetworkPeerings",
            "apiVersion": "2019-06-01",
            "name": "[concat(parameters('virtualNetworks_MyVNet_name'), '/', parameters('virtualNetworks_MyVNet_name'), '-CentralVnet')]",
            "dependsOn": [
                "[resourceId('Microsoft.Network/virtualNetworks', parameters('virtualNetworks_MyVNet_name'))]",
                "[resourceId('Microsoft.Network/virtualNetworks', parameters('virtualNetworks_CentralVNet_name'))]"
            ],
            "properties": {
                "provisioningState": "Succeeded",
                "peeringState": "Connected",
                "remoteVirtualNetwork": {
                    "id": "[resourceId('Microsoft.Network/virtualNetworks', parameters('virtualNetworks_CentralVNet_name'))]"
                },
                "allowVirtualNetworkAccess": true,
                "allowForwardedTraffic": false,
                "allowGatewayTransit": false,
                "useRemoteGateways": false,
                "remoteAddressSpace": {
                    "addressPrefixes": [
                        "30.0.0.0/16"
                    ]
                }
            }
        },
        {
            "type": "Microsoft.Storage/storageAccounts/blobServices/containers",
            "apiVersion": "2019-04-01",
            "name": "[concat(parameters('storageAccounts_mop6ooak7ynwm_name'), '/default/bootdiagnostics-myvm0-772b06b6-8cb0-4cf8-8b3b-16772c9bc002')]",
            "dependsOn": [
                "[resourceId('Microsoft.Storage/storageAccounts/blobServices', parameters('storageAccounts_mop6ooak7ynwm_name'), 'default')]",
                "[resourceId('Microsoft.Storage/storageAccounts', parameters('storageAccounts_mop6ooak7ynwm_name'))]"
            ],
            "properties": {
                "publicAccess": "None"
            }
        },
        {
            "type": "Microsoft.Storage/storageAccounts/blobServices/containers",
            "apiVersion": "2019-04-01",
            "name": "[concat(parameters('storageAccounts_mop6ooak7ynwm_name'), '/default/bootdiagnostics-myvm1-c8704988-c1da-48a5-9a01-a0b30fd137e1')]",
            "dependsOn": [
                "[resourceId('Microsoft.Storage/storageAccounts/blobServices', parameters('storageAccounts_mop6ooak7ynwm_name'), 'default')]",
                "[resourceId('Microsoft.Storage/storageAccounts', parameters('storageAccounts_mop6ooak7ynwm_name'))]"
            ],
            "properties": {
                "publicAccess": "None"
            }
        },
        {
            "type": "Microsoft.Compute/virtualMachines",
            "apiVersion": "2019-03-01",
            "name": "[parameters('virtualMachines_MyVM0_name')]",
            "location": "southindia",
            "dependsOn": [
                "[resourceId('Microsoft.Compute/availabilitySets', parameters('availabilitySets_MyAVSet_name'))]",
                "[resourceId('Microsoft.Network/networkInterfaces', parameters('networkInterfaces_MyNIC0_name'))]",
                "[resourceId('Microsoft.Storage/StorageAccounts', parameters('storageAccounts_mop6ooak7ynwm_name'))]"
            ],
            "tags": {
                "CostCenter": "Training"
            },
            "properties": {
                "availabilitySet": {
                    "id": "[resourceId('Microsoft.Compute/availabilitySets', parameters('availabilitySets_MyAVSet_name'))]"
                },
                "hardwareProfile": {
                    "vmSize": "Standard_B1ms"
                },
                "storageProfile": {
                    "imageReference": {
                        "publisher": "Canonical",
                        "offer": "UbuntuServer",
                        "sku": "18.04-LTS",
                        "version": "latest"
                    },
                    "osDisk": {
                        "osType": "Linux",
                        "name": "[concat(parameters('virtualMachines_MyVM0_name'), '_OsDisk_1_9e33af7d24c3493182a5c6966cd9743f')]",
                        "createOption": "FromImage",
                        "caching": "ReadWrite",
                        "managedDisk": {
                            "id": "[resourceId('Microsoft.Compute/disks', concat(parameters('virtualMachines_MyVM0_name'), '_OsDisk_1_9e33af7d24c3493182a5c6966cd9743f'))]"
                        }
                    },
                    "dataDisks": []
                },
                "osProfile": {
                    "computerName": "[parameters('virtualMachines_MyVM0_name')]",
                    "adminUsername": "abdul",
                    "linuxConfiguration": {
                        "disablePasswordAuthentication": false,
                        "provisionVMAgent": true
                    },
                    "secrets": [],
                    "allowExtensionOperations": true
                },
                "networkProfile": {
                    "networkInterfaces": [
                        {
                            "id": "[resourceId('Microsoft.Network/networkInterfaces', parameters('networkInterfaces_MyNIC0_name'))]"
                        }
                    ]
                },
                "diagnosticsProfile": {
                    "bootDiagnostics": {
                        "enabled": true,
                        "storageUri": "[concat('https://', parameters('storageAccounts_mop6ooak7ynwm_name'), '.blob.core.windows.net/')]"
                    }
                }
            }
        },
        {
            "type": "Microsoft.Compute/virtualMachines",
            "apiVersion": "2019-03-01",
            "name": "[parameters('virtualMachines_MyVM1_name')]",
            "location": "southindia",
            "dependsOn": [
                "[resourceId('Microsoft.Compute/availabilitySets', parameters('availabilitySets_MyAVSet_name'))]",
                "[resourceId('Microsoft.Network/networkInterfaces', parameters('networkInterfaces_MyNIC1_name'))]",
                "[resourceId('Microsoft.Storage/StorageAccounts', parameters('storageAccounts_mop6ooak7ynwm_name'))]"
            ],
            "tags": {
                "CostCenter": "Training"
            },
            "properties": {
                "availabilitySet": {
                    "id": "[resourceId('Microsoft.Compute/availabilitySets', parameters('availabilitySets_MyAVSet_name'))]"
                },
                "hardwareProfile": {
                    "vmSize": "Standard_B1ms"
                },
                "storageProfile": {
                    "imageReference": {
                        "publisher": "Canonical",
                        "offer": "UbuntuServer",
                        "sku": "18.04-LTS",
                        "version": "latest"
                    },
                    "osDisk": {
                        "osType": "Linux",
                        "name": "[concat(parameters('virtualMachines_MyVM1_name'), '_OsDisk_1_2a8468ca4b8a498a8af8ebbeb89198e2')]",
                        "createOption": "FromImage",
                        "caching": "ReadWrite",
                        "managedDisk": {
                            "id": "[resourceId('Microsoft.Compute/disks', concat(parameters('virtualMachines_MyVM1_name'), '_OsDisk_1_2a8468ca4b8a498a8af8ebbeb89198e2'))]"
                        }
                    },
                    "dataDisks": []
                },
                "osProfile": {
                    "computerName": "[parameters('virtualMachines_MyVM1_name')]",
                    "adminUsername": "abdul",
                    "linuxConfiguration": {
                        "disablePasswordAuthentication": false,
                        "provisionVMAgent": true
                    },
                    "secrets": [],
                    "allowExtensionOperations": true
                },
                "networkProfile": {
                    "networkInterfaces": [
                        {
                            "id": "[resourceId('Microsoft.Network/networkInterfaces', parameters('networkInterfaces_MyNIC1_name'))]"
                        }
                    ]
                },
                "diagnosticsProfile": {
                    "bootDiagnostics": {
                        "enabled": true,
                        "storageUri": "[concat('https://', parameters('storageAccounts_mop6ooak7ynwm_name'), '.blob.core.windows.net/')]"
                    }
                }
            }
        },
        {
            "type": "Microsoft.Network/networkInterfaces",
            "apiVersion": "2019-06-01",
            "name": "[parameters('networkInterfaces_MyNIC0_name')]",
            "location": "southindia",
            "dependsOn": [
                "[resourceId('Microsoft.Network/virtualNetworks/subnets', parameters('virtualNetworks_MyVNet_name'), 'MySub1')]",
                "[resourceId('Microsoft.Network/loadBalancers', parameters('loadBalancers_MyInternalLB_name'))]",
                "[resourceId('Microsoft.Network/loadBalancers/inboundNatRules', parameters('loadBalancers_MyInternalLB_name'), 'vm0')]"
            ],
            "tags": {
                "CostCenter": "Training"
            },
            "properties": {
                "provisioningState": "Succeeded",
                "resourceGuid": "8d964186-ae9f-471c-8a16-b47d9f564e78",
                "ipConfigurations": [
                    {
                        "name": "ipconfig1",
                        "etag": "W/\"423524b8-9427-4d55-9e4c-01edbf5031a3\"",
                        "properties": {
                            "provisioningState": "Succeeded",
                            "privateIPAddress": "18.0.1.5",
                            "privateIPAllocationMethod": "Dynamic",
                            "subnet": {
                                "id": "[resourceId('Microsoft.Network/virtualNetworks/subnets', parameters('virtualNetworks_MyVNet_name'), 'MySub1')]"
                            },
                            "primary": true,
                            "privateIPAddressVersion": "IPv4",
                            "loadBalancerBackendAddressPools": [
                                {
                                    "id": "[concat(resourceId('Microsoft.Network/loadBalancers', parameters('loadBalancers_MyInternalLB_name')), '/backendAddressPools/LBPool2')]"
                                }
                            ],
                            "loadBalancerInboundNatRules": [
                                {
                                    "id": "[resourceId('Microsoft.Network/loadBalancers/inboundNatRules', parameters('loadBalancers_MyInternalLB_name'), 'vm0')]"
                                }
                            ]
                        }
                    }
                ],
                "dnsSettings": {
                    "dnsServers": [],
                    "appliedDnsServers": []
                },
                "macAddress": "00-0D-3A-F2-27-09",
                "enableAcceleratedNetworking": false,
                "enableIPForwarding": false,
                "primary": true,
                "tapConfigurations": []
            }
        },
        {
            "type": "Microsoft.Network/networkInterfaces",
            "apiVersion": "2019-06-01",
            "name": "[parameters('networkInterfaces_MyNIC1_name')]",
            "location": "southindia",
            "dependsOn": [
                "[resourceId('Microsoft.Network/virtualNetworks/subnets', parameters('virtualNetworks_MyVNet_name'), 'MySub1')]",
                "[resourceId('Microsoft.Network/loadBalancers', parameters('loadBalancers_MyInternalLB_name'))]",
                "[resourceId('Microsoft.Network/loadBalancers/inboundNatRules', parameters('loadBalancers_MyInternalLB_name'), 'vm1')]"
            ],
            "tags": {
                "CostCenter": "Training"
            },
            "properties": {
                "provisioningState": "Succeeded",
                "resourceGuid": "5b959ffa-8102-431f-9093-56d48c3402f7",
                "ipConfigurations": [
                    {
                        "name": "ipconfig1",
                        "etag": "W/\"5ac092f3-ecd4-41ce-b40f-6b75b38dd64e\"",
                        "properties": {
                            "provisioningState": "Succeeded",
                            "privateIPAddress": "18.0.1.4",
                            "privateIPAllocationMethod": "Dynamic",
                            "subnet": {
                                "id": "[resourceId('Microsoft.Network/virtualNetworks/subnets', parameters('virtualNetworks_MyVNet_name'), 'MySub1')]"
                            },
                            "primary": true,
                            "privateIPAddressVersion": "IPv4",
                            "loadBalancerBackendAddressPools": [
                                {
                                    "id": "[concat(resourceId('Microsoft.Network/loadBalancers', parameters('loadBalancers_MyInternalLB_name')), '/backendAddressPools/LBPool2')]"
                                }
                            ],
                            "loadBalancerInboundNatRules": [
                                {
                                    "id": "[resourceId('Microsoft.Network/loadBalancers/inboundNatRules', parameters('loadBalancers_MyInternalLB_name'), 'vm1')]"
                                }
                            ]
                        }
                    }
                ],
                "dnsSettings": {
                    "dnsServers": [],
                    "appliedDnsServers": []
                },
                "macAddress": "00-0D-3A-F2-63-38",
                "enableAcceleratedNetworking": false,
                "enableIPForwarding": false,
                "primary": true,
                "tapConfigurations": []
            }
        }
    ]
}