{
    "$schema": "https://schema.management.azure.com/schemas/2015-01-01/deploymentTemplate.json#",
    "contentVersion": "1.0.0.0",
    "parameters": {
        "virtualMachines_MyVM0_name": {
            "defaultValue": "MyVM0",
            "type": "String"
        },
        "virtualMachines_MyVM1_name": {
            "defaultValue": "MyVM1",
            "type": "String"
        },
        "virtualNetworks_MyVNet_name": {
            "defaultValue": "MyVNet",
            "type": "String"
        },
        "availabilitySets_MyAVSet_name": {
            "defaultValue": "MyAVSet",
            "type": "String"
        },
        "networkInterfaces_MyNIC0_name": {
            "defaultValue": "MyNIC0",
            "type": "String"
        },
        "networkInterfaces_MyNIC1_name": {
            "defaultValue": "MyNIC1",
            "type": "String"
        },
        "publicIPAddresses_MyPip0_name": {
            "defaultValue": "MyPip0",
            "type": "String"
        },
        "publicIPAddresses_MyPip1_name": {
            "defaultValue": "MyPip1",
            "type": "String"
        },
        "storageAccounts_ogxkmvp2f6u7y_name": {
            "defaultValue": "ogxkmvp2f6u7y",
            "type": "String"
        }
    },
    "variables": {},
    "resources": [
        {
            "type": "Microsoft.Network/publicIPAddresses",
            "apiVersion": "2019-06-01",
            "name": "[parameters('publicIPAddresses_MyPip0_name')]",
            "location": "southindia",
            "tags": {
                "CostCenter": "Training"
            },
            "sku": {
                "name": "Basic",
                "tier": "Regional"
            },
            "properties": {
                "provisioningState": "Succeeded",
                "resourceGuid": "be13ad08-c4a9-475e-a401-f46b16ddd97f",
                "ipAddress": "13.71.81.169",
                "publicIPAddressVersion": "IPv4",
                "publicIPAllocationMethod": "Dynamic",
                "idleTimeoutInMinutes": 4,
                "ipTags": []
            }
        },
        {
            "type": "Microsoft.Network/publicIPAddresses",
            "apiVersion": "2019-06-01",
            "name": "[parameters('publicIPAddresses_MyPip1_name')]",
            "location": "southindia",
            "tags": {
                "CostCenter": "Training"
            },
            "sku": {
                "name": "Basic",
                "tier": "Regional"
            },
            "properties": {
                "provisioningState": "Succeeded",
                "resourceGuid": "b51f727a-c391-4832-a9c5-86d3ab666d0d",
                "ipAddress": "104.211.201.78",
                "publicIPAddressVersion": "IPv4",
                "publicIPAllocationMethod": "Dynamic",
                "idleTimeoutInMinutes": 4,
                "ipTags": []
            }
        },
        {
            "type": "Microsoft.Network/virtualNetworks",
            "apiVersion": "2019-06-01",
            "name": "[parameters('virtualNetworks_MyVNet_name')]",
            "location": "southindia",
            "properties": {
                "provisioningState": "Succeeded",
                "resourceGuid": "d69ff1a0-1791-450a-90f4-0168d285fabc",
                "addressSpace": {
                    "addressPrefixes": [
                        "18.0.0.0/16"
                    ]
                },
                "subnets": [
                    {
                        "name": "MySUb",
                        "etag": "W/\"13299096-486f-4f46-8305-05a3c3b56d68\"",
                        "properties": {
                            "provisioningState": "Succeeded",
                            "addressPrefix": "18.0.1.0/24",
                            "delegations": [],
                            "privateEndpointNetworkPolicies": "Enabled",
                            "privateLinkServiceNetworkPolicies": "Enabled"
                        }
                    }
                ],
                "virtualNetworkPeerings": [],
                "enableDdosProtection": false,
                "enableVmProtection": false
            }
        },
        {
            "type": "Microsoft.Storage/storageAccounts",
            "apiVersion": "2019-04-01",
            "name": "[parameters('storageAccounts_ogxkmvp2f6u7y_name')]",
            "location": "southindia",
            "tags": {
                "CostCenter": "Training"
            },
            "sku": {
                "name": "Standard_LRS",
                "tier": "Standard"
            },
            "kind": "Storage",
            "properties": {
                "networkAcls": {
                    "bypass": "AzureServices",
                    "virtualNetworkRules": [],
                    "ipRules": [],
                    "defaultAction": "Allow"
                },
                "supportsHttpsTrafficOnly": false,
                "encryption": {
                    "services": {
                        "file": {
                            "enabled": true
                        },
                        "blob": {
                            "enabled": true
                        }
                    },
                    "keySource": "Microsoft.Storage"
                }
            }
        },
        {
            "type": "Microsoft.Network/virtualNetworks/subnets",
            "apiVersion": "2019-06-01",
            "name": "[concat(parameters('virtualNetworks_MyVNet_name'), '/MySUb')]",
            "dependsOn": [
                "[resourceId('Microsoft.Network/virtualNetworks', parameters('virtualNetworks_MyVNet_name'))]"
            ],
            "properties": {
                "provisioningState": "Succeeded",
                "addressPrefix": "18.0.1.0/24",
                "delegations": [],
                "privateEndpointNetworkPolicies": "Enabled",
                "privateLinkServiceNetworkPolicies": "Enabled"
            }
        },
        {
            "type": "Microsoft.Storage/storageAccounts/blobServices",
            "apiVersion": "2019-04-01",
            "name": "[concat(parameters('storageAccounts_ogxkmvp2f6u7y_name'), '/default')]",
            "dependsOn": [
                "[resourceId('Microsoft.Storage/storageAccounts', parameters('storageAccounts_ogxkmvp2f6u7y_name'))]"
            ],
            "properties": {
                "cors": {
                    "corsRules": []
                },
                "deleteRetentionPolicy": {
                    "enabled": false
                }
            }
        },
        {
            "type": "Microsoft.Compute/availabilitySets",
            "apiVersion": "2019-03-01",
            "name": "[parameters('availabilitySets_MyAVSet_name')]",
            "location": "southindia",
            "dependsOn": [
                "[resourceId('Microsoft.Compute/virtualMachines', parameters('virtualMachines_MyVM0_name'))]",
                "[resourceId('Microsoft.Compute/virtualMachines', parameters('virtualMachines_MyVM1_name'))]"
            ],
            "tags": {
                "CostCenter": "Training"
            },
            "sku": {
                "name": "Aligned"
            },
            "properties": {
                "platformUpdateDomainCount": 5,
                "platformFaultDomainCount": 2,
                "virtualMachines": [
                    {
                        "id": "[resourceId('Microsoft.Compute/virtualMachines', parameters('virtualMachines_MyVM0_name'))]"
                    },
                    {
                        "id": "[resourceId('Microsoft.Compute/virtualMachines', parameters('virtualMachines_MyVM1_name'))]"
                    }
                ]
            }
        },
        {
            "type": "Microsoft.Network/networkInterfaces",
            "apiVersion": "2019-06-01",
            "name": "[parameters('networkInterfaces_MyNIC0_name')]",
            "location": "southindia",
            "dependsOn": [
                "[resourceId('Microsoft.Network/publicIPAddresses', parameters('publicIPAddresses_MyPip0_name'))]",
                "[resourceId('Microsoft.Network/virtualNetworks/subnets', parameters('virtualNetworks_MyVNet_name'), 'MySUb')]"
            ],
            "tags": {
                "CostCenter": "Training"
            },
            "properties": {
                "provisioningState": "Succeeded",
                "resourceGuid": "edc3437d-ad01-48e1-8370-8a98173d19a7",
                "ipConfigurations": [
                    {
                        "name": "ipconfig1",
                        "etag": "W/\"3a0c73a3-128c-40c5-a0de-baed47b09e3f\"",
                        "properties": {
                            "provisioningState": "Succeeded",
                            "privateIPAddress": "18.0.1.5",
                            "privateIPAllocationMethod": "Dynamic",
                            "publicIPAddress": {
                                "id": "[resourceId('Microsoft.Network/publicIPAddresses', parameters('publicIPAddresses_MyPip0_name'))]"
                            },
                            "subnet": {
                                "id": "[resourceId('Microsoft.Network/virtualNetworks/subnets', parameters('virtualNetworks_MyVNet_name'), 'MySUb')]"
                            },
                            "primary": true,
                            "privateIPAddressVersion": "IPv4"
                        }
                    }
                ],
                "dnsSettings": {
                    "dnsServers": [],
                    "appliedDnsServers": [],
                    "internalDomainNameSuffix": "udyz5vurc2felehuafunfbp0xe.tx.internal.cloudapp.net"
                },
                "macAddress": "00-0D-3A-F2-85-0A",
                "enableAcceleratedNetworking": false,
                "enableIPForwarding": false,
                "primary": true,
                "tapConfigurations": []
            }
        },
        {
            "type": "Microsoft.Network/networkInterfaces",
            "apiVersion": "2019-06-01",
            "name": "[parameters('networkInterfaces_MyNIC1_name')]",
            "location": "southindia",
            "dependsOn": [
                "[resourceId('Microsoft.Network/publicIPAddresses', parameters('publicIPAddresses_MyPip1_name'))]",
                "[resourceId('Microsoft.Network/virtualNetworks/subnets', parameters('virtualNetworks_MyVNet_name'), 'MySUb')]"
            ],
            "tags": {
                "CostCenter": "Training"
            },
            "properties": {
                "provisioningState": "Succeeded",
                "resourceGuid": "b56cd1e0-c7ec-49aa-bd56-0a3d929cc5c1",
                "ipConfigurations": [
                    {
                        "name": "ipconfig1",
                        "etag": "W/\"a6d0eda6-956c-452b-8e5a-89334b57b148\"",
                        "properties": {
                            "provisioningState": "Succeeded",
                            "privateIPAddress": "18.0.1.4",
                            "privateIPAllocationMethod": "Dynamic",
                            "publicIPAddress": {
                                "id": "[resourceId('Microsoft.Network/publicIPAddresses', parameters('publicIPAddresses_MyPip1_name'))]"
                            },
                            "subnet": {
                                "id": "[resourceId('Microsoft.Network/virtualNetworks/subnets', parameters('virtualNetworks_MyVNet_name'), 'MySUb')]"
                            },
                            "primary": true,
                            "privateIPAddressVersion": "IPv4"
                        }
                    }
                ],
                "dnsSettings": {
                    "dnsServers": [],
                    "appliedDnsServers": [],
                    "internalDomainNameSuffix": "udyz5vurc2felehuafunfbp0xe.tx.internal.cloudapp.net"
                },
                "macAddress": "00-0D-3A-F2-0A-A2",
                "enableAcceleratedNetworking": false,
                "enableIPForwarding": false,
                "primary": true,
                "tapConfigurations": []
            }
        },
        {
            "type": "Microsoft.Storage/storageAccounts/blobServices/containers",
            "apiVersion": "2019-04-01",
            "name": "[concat(parameters('storageAccounts_ogxkmvp2f6u7y_name'), '/default/bootdiagnostics-myvm0-9b09c2d2-3e38-40df-ba75-5f8dd6e3f6ad')]",
            "dependsOn": [
                "[resourceId('Microsoft.Storage/storageAccounts/blobServices', parameters('storageAccounts_ogxkmvp2f6u7y_name'), 'default')]",
                "[resourceId('Microsoft.Storage/storageAccounts', parameters('storageAccounts_ogxkmvp2f6u7y_name'))]"
            ],
            "properties": {
                "publicAccess": "None"
            }
        },
        {
            "type": "Microsoft.Storage/storageAccounts/blobServices/containers",
            "apiVersion": "2019-04-01",
            "name": "[concat(parameters('storageAccounts_ogxkmvp2f6u7y_name'), '/default/bootdiagnostics-myvm1-3e969376-19a3-4ce7-9d59-a4ad485827ba')]",
            "dependsOn": [
                "[resourceId('Microsoft.Storage/storageAccounts/blobServices', parameters('storageAccounts_ogxkmvp2f6u7y_name'), 'default')]",
                "[resourceId('Microsoft.Storage/storageAccounts', parameters('storageAccounts_ogxkmvp2f6u7y_name'))]"
            ],
            "properties": {
                "publicAccess": "None"
            }
        },
        {
            "type": "Microsoft.Compute/virtualMachines",
            "apiVersion": "2019-03-01",
            "name": "[parameters('virtualMachines_MyVM0_name')]",
            "location": "southindia",
            "dependsOn": [
                "[resourceId('Microsoft.Compute/availabilitySets', parameters('availabilitySets_MyAVSet_name'))]",
                "[resourceId('Microsoft.Network/networkInterfaces', parameters('networkInterfaces_MyNIC0_name'))]",
                "[resourceId('Microsoft.Storage/StorageAccounts', parameters('storageAccounts_ogxkmvp2f6u7y_name'))]"
            ],
            "tags": {
                "CostCenter": "Training"
            },
            "properties": {
                "availabilitySet": {
                    "id": "[resourceId('Microsoft.Compute/availabilitySets', parameters('availabilitySets_MyAVSet_name'))]"
                },
                "hardwareProfile": {
                    "vmSize": "Standard_B1ms"
                },
                "storageProfile": {
                    "imageReference": {
                        "publisher": "Canonical",
                        "offer": "UbuntuServer",
                        "sku": "18.04-LTS",
                        "version": "latest"
                    },
                    "osDisk": {
                        "osType": "Linux",
                        "name": "[concat(parameters('virtualMachines_MyVM0_name'), '_OsDisk_1_d3dd2a142a134425a502c72a7d84c345')]",
                        "createOption": "FromImage",
                        "caching": "ReadWrite",
                        "managedDisk": {
                            "storageAccountType": "Premium_LRS",
                            "id": "[resourceId('Microsoft.Compute/disks', concat(parameters('virtualMachines_MyVM0_name'), '_OsDisk_1_d3dd2a142a134425a502c72a7d84c345'))]"
                        },
                        "diskSizeGB": 30
                    },
                    "dataDisks": []
                },
                "osProfile": {
                    "computerName": "[parameters('virtualMachines_MyVM0_name')]",
                    "adminUsername": "abdul",
                    "linuxConfiguration": {
                        "disablePasswordAuthentication": false,
                        "provisionVMAgent": true
                    },
                    "secrets": [],
                    "allowExtensionOperations": true
                },
                "networkProfile": {
                    "networkInterfaces": [
                        {
                            "id": "[resourceId('Microsoft.Network/networkInterfaces', parameters('networkInterfaces_MyNIC0_name'))]"
                        }
                    ]
                },
                "diagnosticsProfile": {
                    "bootDiagnostics": {
                        "enabled": true,
                        "storageUri": "[concat('https://', parameters('storageAccounts_ogxkmvp2f6u7y_name'), '.blob.core.windows.net/')]"
                    }
                }
            }
        },
        {
            "type": "Microsoft.Compute/virtualMachines",
            "apiVersion": "2019-03-01",
            "name": "[parameters('virtualMachines_MyVM1_name')]",
            "location": "southindia",
            "dependsOn": [
                "[resourceId('Microsoft.Compute/availabilitySets', parameters('availabilitySets_MyAVSet_name'))]",
                "[resourceId('Microsoft.Network/networkInterfaces', parameters('networkInterfaces_MyNIC1_name'))]",
                "[resourceId('Microsoft.Storage/StorageAccounts', parameters('storageAccounts_ogxkmvp2f6u7y_name'))]"
            ],
            "tags": {
                "CostCenter": "Training"
            },
            "properties": {
                "availabilitySet": {
                    "id": "[resourceId('Microsoft.Compute/availabilitySets', parameters('availabilitySets_MyAVSet_name'))]"
                },
                "hardwareProfile": {
                    "vmSize": "Standard_B1ms"
                },
                "storageProfile": {
                    "imageReference": {
                        "publisher": "Canonical",
                        "offer": "UbuntuServer",
                        "sku": "18.04-LTS",
                        "version": "latest"
                    },
                    "osDisk": {
                        "osType": "Linux",
                        "name": "[concat(parameters('virtualMachines_MyVM1_name'), '_OsDisk_1_eb406587b6c748ffbcf8111fce8be58b')]",
                        "createOption": "FromImage",
                        "caching": "ReadWrite",
                        "managedDisk": {
                            "storageAccountType": "Premium_LRS",
                            "id": "[resourceId('Microsoft.Compute/disks', concat(parameters('virtualMachines_MyVM1_name'), '_OsDisk_1_eb406587b6c748ffbcf8111fce8be58b'))]"
                        },
                        "diskSizeGB": 30
                    },
                    "dataDisks": []
                },
                "osProfile": {
                    "computerName": "[parameters('virtualMachines_MyVM1_name')]",
                    "adminUsername": "abdul",
                    "linuxConfiguration": {
                        "disablePasswordAuthentication": false,
                        "provisionVMAgent": true
                    },
                    "secrets": [],
                    "allowExtensionOperations": true
                },
                "networkProfile": {
                    "networkInterfaces": [
                        {
                            "id": "[resourceId('Microsoft.Network/networkInterfaces', parameters('networkInterfaces_MyNIC1_name'))]"
                        }
                    ]
                },
                "diagnosticsProfile": {
                    "bootDiagnostics": {
                        "enabled": true,
                        "storageUri": "[concat('https://', parameters('storageAccounts_ogxkmvp2f6u7y_name'), '.blob.core.windows.net/')]"
                    }
                }
            }
        }
    ]
}