{
    "$schema": "http://schema.management.azure.com/schemas/2015-01-01/deploymentTemplate.json#",
    "contentVersion": "1.0.0.0",
    "parameters": {
        "location": {
            "defaultValue": "South India",
            "type": "String"
        },
        "numberOfInstances": {
            "defaultValue": 2,
            "type": "Int"
        },
        "networkInterfaceName": {
            "defaultValue": "MyNIC",
            "type": "String"
        },
        "networkSecurityGroupName": {
            "defaultValue": "MyNSG",
            "type": "String"
        },
        "subnetName": {
            "type": "String"
        },
        "virtualNetworkName": {
            "type": "String"
        },
        "addressPrefixes": {
            "type": "String"
        },
        "subnetAddressPrefixes": {
            "type": "String"
        },
        "publicIpAddressName": {
            "type": "String"
        },
        "publicIpAddressType": {
            "type": "String"
        },
        "publicIpAddressSku": {
            "type": "String"
        },
        "virtualMachineName": {
            "type": "String"
        },
        "virtualMachineRG": {
            "type": "String"
        },
        "virtualMachineSize": {
            "defaultValue": "Standard_B1ms",
            "type": "String"
        },
        "adminUsername": {
            "type": "String"
        },
        "adminPassword": {
            "type": "SecureString"
        },
        "availabilitySetName": {
            "type": "String"
        },
        "availabilitySetPlatformFaultDomainCount": {
            "type": "Int"
        },
        "availabilitySetPlatformUpdateDomainCount": {
            "type": "Int"
        }
    },
    "variables": {
        "nsgId": "[resourceId(resourceGroup().name, 'Microsoft.Network/networkSecurityGroups', parameters('networkSecurityGroupName'))]",
        "vnetId": "[resourceId(resourceGroup().name,'Microsoft.Network/virtualNetworks', parameters('virtualNetworkName'))]",
        "subnetRef": "[concat(variables('vnetId'), '/subnets/', parameters('subnetName'))]",
        "availabilitySetName": "[parameters('availabilitySetName')]",
        "storageAccountType": "Standard_LRS",
        "storageAccountName": "[uniqueString(resourceGroup().id)]",
        "virtualNetworkName": "[parameters('virtualMachineName')]",
        "subnetName": "[parameters('subnetName')]"
    },
    "resources": [
        {
            "type": "Microsoft.Storage/storageAccounts",
            "apiVersion": "2018-02-01",
            "name": "[variables('storageAccountName')]",
            "location": "[parameters('location')]",
            "sku": {
                "name": "[variables('storageAccountType')]"
            },
            "kind": "Storage"
        },
        {
            "type": "Microsoft.Network/networkInterfaces",
            "apiVersion": "2018-10-01",
            "name": "[concat(parameters('networkInterfaceName'), copyindex())]",
            "location": "[parameters('location')]",
            "dependsOn": [
                "[concat('Microsoft.Network/virtualNetworks/', parameters('virtualNetworkName'))]",
                "pipLoop"
            ],
            "properties": {
                "ipConfigurations": [
                    {
                        "name": "ipconfig1",
                        "properties": {
                            "subnet": {
                                "id": "[variables('subnetRef')]"
                            },
                            "privateIPAllocationMethod": "Dynamic",
                            "publicIpAddress": {
                                "id": "[resourceId(resourceGroup().name, 'Microsoft.Network/publicIpAddresses', concat(parameters('publicIpAddressName'),copyindex()))]"
                            }
                        }
                    }
                ]
            },
            "copy": {
                "name": "nicLoop",
                "count": "[parameters('numberOfInstances')]"
            }
        },
        {
            "type": "Microsoft.Network/virtualNetworks",
            "apiVersion": "2016-03-30",
            "name": "[parameters('virtualNetworkName')]",
            "location": "[parameters('location')]",
            "properties": {
                "addressSpace": {
                    "addressPrefixes": [
                        "[parameters('addressPrefixes')]"
                    ]
                },
                "subnets": [
                    {
                        "name": "[variables('subnetName')]",
                        "properties": {
                            "addressPrefix": "[parameters('subnetAddressPrefixes')]"
                        }
                    }
                ]
            }
        },
        {
            "type": "Microsoft.Network/publicIpAddresses",
            "apiVersion": "2019-02-01",
            "name": "[concat(parameters('publicIpAddressName'), copyindex())]",
            "location": "[parameters('location')]",
            "sku": {
                "name": "Basic",
                "tier": "Regional"
            },
            "properties": {
                "publicIPAllocationMethod": "Dynamic"
            },
            "copy": {
                "name": "pipLoop",
                "count": "[parameters('numberOfInstances')]"
            }
        },
        {
            "type": "Microsoft.Compute/virtualMachines",
            "apiVersion": "2018-10-01",
            "name": "[concat(parameters('virtualMachineName'), copyindex())]",
            "location": "[parameters('location')]",
            "dependsOn": [
                "nicLoop",
                "[variables('availabilitySetName')]"
            ],
            "properties": {
                "hardwareProfile": {
                    "vmSize": "[parameters('virtualMachineSize')]"
                },
                "storageProfile": {
                    "osDisk": {
                        "createOption": "fromImage"
                    },
                    "imageReference": {
                        "publisher": "Canonical",
                        "offer": "UbuntuServer",
                        "sku": "18.04-LTS",
                        "version": "latest"
                    }
                },
                "networkProfile": {
                    "networkInterfaces": [
                        {
                            "id": "[resourceId('Microsoft.Network/networkInterfaces', concat(parameters('networkInterfaceName'),copyindex()))]"
                        }
                    ]
                },
                "osProfile": {
                    "computerName": "[concat(parameters('virtualMachineName'), copyIndex())]",
                    "adminUsername": "[parameters('adminUsername')]",
                    "adminPassword": "[parameters('adminPassword')]"
                },
                "diagnosticsProfile": {
                    "bootDiagnostics": {
                        "enabled": true,
                        "storageUri": "[reference(variables('storageAccountName')).primaryEndpoints.blob]"
                    }
                },
                "availabilitySet": {
                    "id": "[resourceId('Microsoft.Compute/availabilitySets', parameters('availabilitySetName'))]"
                }
            },
            "copy": {
                "name": "vmLoop",
                "count": "[parameters('numberOfInstances')]"
            }
        },
        {
            "type": "Microsoft.Compute/availabilitySets",
            "apiVersion": "2016-04-30-preview",
            "name": "[parameters('availabilitySetName')]",
            "location": "[parameters('location')]",
            "sku": {
                "name": "Aligned"
            },
            "properties": {
                "platformFaultDomainCount": "[parameters('availabilitySetPlatformFaultDomainCount')]",
                "platformUpdateDomainCount": "[parameters('availabilitySetPlatformUpdateDomainCount')]"
            }
        }
    ],
    "outputs": {
        "adminUsername": {
            "type": "String",
            "value": "[parameters('adminUsername')]"
        }
    }
}